BTC;bitcoin;Bitcoin;true
ETH;ethereum;Ethereum;true
XRP;ripple;XRP;true
BCH;bitcoin-cash;Bitcoin Cash;true
EOS;eos;EOS;true
XLM;stellar;Stellar;true
LTC;litecoin;Litecoin;true
USDT;tether;Tether;false
ADA;cardano;Cardano;false
XMR;monero;Monero;true
TRX;tron;TRON;true
MIOTA;iota;IOTA;true
IOTA;iota;IOTA;true
DASH;dash;Dash;true
BNB;binance-coin;Binance Coin;true
NEO;neo;NEO;true
ETC;ethereum-classic;Ethereum Classic;true
XTZ;tezos;Tezos;false
XEM;nem;NEM;true
VET;vechain;VeChain;false
ZEC;zcash;Zcash;true
DOGE;dogecoin;Dogecoin;true
ZRX;0x;0x;false
MKR;maker;Maker;false
BTG;bitcoin-gold;Bitcoin Gold;true
OMG;omisego;OmiseGO;true
ONT;ontology;Ontology;false
DCR;decred;Decred;true
LSK;lisk;Lisk;true
QTUM;qtum;Qtum;true
AE;aeternity;Aeternity;false
BTS;bitshares;BitShares;false
ZIL;zilliqa;Zilliqa;false
NANO;nano;Nano;false
ICX;icon;ICON;false
BCD;bitcoin-diamond;Bitcoin Diamond;true
BCN;bytecoin-bcn;Bytecoin;false
DGB;digibyte;DigiByte;false
SC;siacoin;Siacoin;false
STEEM;steem;Steem;false
XVG;verge;Verge;false
BAT;basic-attention-token;Basic Attention Token;false
WAVES;waves;Waves;true
NPXS;pundi-x;Pundi X;false
BTM;bytom;Bytom;false
ETN;electroneum;Electroneum;false
ETP;metaverse;Metaverse ETP;false
TUSD;trueusd;TrueUSD;true
HOT;holo;Holo;false
GNT;golem-network-tokens;Golem;true
KMD;komodo;Komodo;false
STRAT;stratis;Stratis;false
REP;augur;Augur;true
SNT;status;Status;false
LINK;chainlink;Chainlink;false
PPT;populous;Populous;false
CNX;cryptonex;Cryptonex;false
ARDR;ardor;Ardor;false
WTC;waltonchain;Waltonchain;false
WAN;wanchain;Wanchain;false
AION;aion;Aion;false
KCS;kucoin-shares;KuCoin Shares;false
IOST;iostoken;IOST;false
MITH;mithril;Mithril;false
AOA;aurora;Aurora;false
CMT;cybermiles;CyberMiles;false
RDD;reddcoin;ReddCoin;false
XET;eternal-token;ETERNAL TOKEN;false
LRC;loopring;Loopring;false
GXS;gxchain;GXChain;false
DGD;digixdao;DigixDAO;false
MAID;maidsafecoin;MaidSafeCoin;false
ELF;aelf;aelf;false
DCN;dentacoin;Dentacoin;false
HT;huobi-token;Huobi Token;false
DGTX;digitex-futures;Digitex Futures;true
HC;hypercash;HyperCash;false
ARK;ark;Ark;true
QASH;qash;QASH;false
MOAC;moac;MOAC;false
NAS;nebulas-token;Nebulas;false
LOOM;loom-network;Loom Network;false
FUN;funfair;FunFair;false
MONA;monacoin;MonaCoin;false
BNT;bancor;Bancor;false
MANA;decentraland;Decentraland;false
ELA;elastos;Elastos;false
ZEN;zencash;Horizen;false
PIVX;pivx;PIVX;false
DROP;dropil;Dropil;false
POWR;power-ledger;Power Ledger;false
MCO;crypto-com;Crypto.com;false
RHOC;rchain;RChain;false
THETA;theta-token;Theta Token;false
DAI;dai;Dai;false
PAY;tenx;TenX;false
WAX;wax;WAX;false
NXT;nxt;Nxt;false
MGO;mobilego;MobileGo;false
POLY;polymath-network;Polymath;false
XZC;zcoin;ZCoin;false
QKC;quarkchain;QuarkChain;false
XIN;mixin;Mixin;false
KNC;kyber-network;Kyber Network;false
PAX;paxos-standard-token;Paxos Standard Token;false
OCN;odyssey;Odyssey;false
BTCP;bitcoin-private;Bitcoin Private;true
SYS;syscoin;Syscoin;false
GAS;gas;Gas;true
NEXO;nexo;Nexo;false
GVT;genesis-vision;Genesis Vision;false
SALT;salt;SALT;false
RVN;ravencoin;Ravencoin;false
IQ;everipedia;Everipedia;false
STORJ;storj;Storj;false
CTXC;cortex;Cortex;false
NOAH;noah-coin;Noah Coin;false
NULS;nuls;Nuls;false
DRGN;dragonchain;Dragonchain;false
REQ;request-network;Request Network;false
ENG;enigma-project;Enigma;false
CVC;civic;Civic;false
NEC;nectar;Nectar;false
KIN;kin;Kin;false
VERI;veritaseum;Veritaseum;false
SUB;substratum;Substratum;false
EMC;emercoin;Emercoin;false
GTO;gifto;Gifto;false
NXS;nexus;Nexus;false
GRS;groestlcoin;Groestlcoin;false
R;revain;Revain;false
DENT;dent;Dent;false
WICC;waykichain;WaykiChain;false
ENJ;enjin-coin;Enjin Coin;false
SKY;skycoin;Skycoin;false
LKY;linkey;Linkey;false
BIX;bibox-token;Bibox Token;false
BCO;bridgecoin;BridgeCoin;false
FCT;factom;Factom;false
ICN;iconomi;Iconomi;false
WGR;wagerr;Wagerr;false
STORM;storm;Storm;false
RLC;rlc;iExec RLC;false
BRD;bread;Bread;false
VTC;vertcoin;Vertcoin;false
MAN;matrix-ai-network;Matrix AI Network;false
CENNZ;centrality;Centrality;false
BHPC;bhpcash;BHPCash;false
CND;cindicator;Cindicator;false
ETHOS;ethos;Ethos;false
MDA;moeda-loyalty-points;Moeda Loyalty Points;false
IGNIS;ignis;Ignis;false
TEL;telcoin;Telcoin;false
EDO;eidoo;Eidoo;false
TEN;tokenomy;Tokenomy;false
TKY;thekey;THEKEY;false
DDD;scryinfo;Scry.info;false
SAN;santiment;Santiment Network Token;false
PLR;pillar;Pillar;false
RDN;raiden-network-token;Raiden Network Token;false
GBYTE;byteball;Byteball Bytes;false
EDR;endor-protocol;Endor Protocol;false
HPB;high-performance-blockchain;High Performance Blockchain;false
VITAE;vitae;Vitae;false
NCASH;nucleus-vision;Nucleus Vision;false
ODE;odem;ODEM;false
QSP;quantstamp;Quantstamp;false
NEBL;neblio;Neblio;false
C20;c20;CRYPTO20;false
AGI;singularitynet;SingularityNET;false
TOMO;tomochain;TomoChain;false
BLZ;bluzelle;Bluzelle;false
CREDO;credo;Credo;false
GO;gochain;GoChain;false
ZIP;zip;Zipper;false
DATA;streamr-datacoin;Streamr DATAcoin;false
SMT;smartmesh;SmartMesh;false
AMB;amber;Ambrosus;false
TNB;time-new-bank;Time New Bank;false
MFT;mainframe;Mainframe;false
USDC;usd-coin;USD//Coin;false
CRPT;crypterium;Crypterium;false
BFT;bnktothefuture;BnkToTheFuture;false
POE;poet;Po.et;false
STQ;storiqa;Storiqa;false
FSN;fusion;Fusion;false
NAV;nav-coin;NavCoin;false
PPC;peercoin;Peercoin;false
SMART;smartcash;SmartCash;false
POA;poa-network;POA Network;false
DIG;dignity;Dignity;false
IOTX;iotex;IoTeX;false
CPT;cryptaur;Cryptaur;false
BOS;boscoin;BOScoin;false
BITCNY;bitcny;bitCNY;false
MTL;metal;Metal;true
PRO;propy;Propy;false
GNO;gnosis-gno;Gnosis;false
CS;credits;Credits;false
JNT;jibrel-network;Jibrel Network;false
UBQ;ubiq;Ubiq;false
RUFF;ruff;Ruff;false
OST;ost;OST;false
DTA;data;DATA;false
SOC;all-sports;All Sports;false
APL;apollo-currency;Apollo Currency;false
XDN;digitalnote;DigitalNote;false
RNT;oneroot-network;OneRoot Network;false
ANT;aragon;Aragon;false
SPANK;spankchain;SpankChain;false
MOD;modum;Modum;false
MEDX;medx;MediBloc [ERC20];false
TRUE;truechain;TrueChain;false
XWC;whitecoin;WhiteCoin;false
ARB;arbitrage;ARBITRAGE;false
BTO;bottos;Bottos;false
SNM;sonm;SONM;false
BLOCK;blocknet;Blocknet;false
TPAY;tokenpay;TokenPay;false
ABT;arcblock;Arcblock;false
EMC2;einsteinium;Einsteinium;false
ACT;achain;Achain;true
BCI;bitcoin-interest;Bitcoin Interest;true
TTC;ttc-protocol;TTC Protocol;false
SLS;salus;SaluS;false
XPX;proximax;ProximaX;false
TIO;trade-token;Trade Token;false
BCZERO;buggyra-coin-zero;Buggyra Coin Zero;false
MDS;medishares;MediShares;false
SAFEX;safe-exchange-coin;Safe Exchange Coin;false
BAY;bitbay;BitBay;false
PART;particl;Particl;false
PAI;pchain;PCHAIN;false
AUTO;cube;Cube;false
DEW;dew;DEW;false
COSM;cosmo-coin;Cosmo Coin;false
GTC;game;Game.com;false
VEE;blockv;BLOCKv;false
BURST;burst;Burst;false
SRN;sirin-labs-token;SIRIN LABS Token;false
GCR;global-currency-reserve;Global Currency Reserve;false
CVT;cybervein;CyberVein;false
SNGLS;singulardtv;SingularDTV;false
GNX;genaro-network;Genaro Network;false
ZCL;zclassic;ZClassic;false
REN;republic-protocol;Republic Protocol;false
LEND;ethlend;ETHLend;false
CNN;content-neutrality-network;Content Neutrality Network;false
ATX;aston;Aston;false
UTK;utrust;UTRUST;false
XAS;asch;Asch;false
PZM;prizm;PRIZM;false
EOSDAC;eosdac;eosDAC;false
ADX;adx-net;AdEx;false
SBD;steem-dollars;Steem Dollars;false
GBC;gold-bits-coin;Gold Bits Coin;false
VITE;vite;VITE;false
LCC;litecoin-cash;Litecoin Cash;true
DMT;dmarket;DMarket;false
VIA;viacoin;Viacoin;false
UNO;unobtanium;Unobtanium;false
EDG;edgeless;Edgeless;false
DNT;district0x;district0x;false
ITC;iot-chain;IoT Chain;false
NTY;nexty;Nexty;true
WPR;wepower;WePower;false
VIBE;vibe;VIBE;false
LYM;lympo;Lympo;false
NGC;naga;NAGA;false
RKT;rock;Rock;false
KEY;selfkey;Selfkey;false
APIS;apis;APIS;false
RTH;rotharium;Rotharium;true
SPHTX;sophiatx;SophiaTX;false
TNT;tierion;Tierion;false
DTR;dynamic-trading-rights;Dynamic Trading Rights;false
WINGS;wings;Wings;false
RCN;ripio-credit-network;Ripio Credit Network;false
INS;ins-ecosystem;INS Ecosystem;false
IHT;iht-real-estate-protocol;IHT Real Estate Protocol;false
EURS;stasis-eurs;STASIS EURS;false
TCT;tokenclub;TokenClub;false
WABI;wabi;WaBi;false
HORUS;horuspay;HorusPay;false
KICK;kickico;KickCoin;false
XPM;primecoin;Primecoin;false
AST;airswap;AirSwap;false
FXT;fuzex;FuzeX;false
BTX;bitcore;Bitcore;true
BAX;babb;BABB;false
DAPS;daps-token;DAPS Token;false
CLOAK;cloakcoin;CloakCoin;false
PST;primas;Primas;false
FAIR;faircoin;FairCoin;false
KAN;bitkan;BitKan;false
TTU;tatatu;TaTaTu;false
$PAC;paccoin;PACcoin;false
RFR;refereum;Refereum;false
XYO;xyo-network;XYO Network;false
BBR;boolberry;Boolberry;false
QNT;quant;Quant;false
LBA;libra-credit;Cred;false
XBY;xtrabytes;XTRABYTES;false
QLC;qlink;QLC Chain;false
QRL;quantum-resistant-ledger;Quantum Resistant Ledger;false
MET;metronome;Metronome;false
CSC;casinocoin;CasinoCoin;false
SLT;smartlands;Smartlands;true
LGO;legolas-exchange;LGO Exchange;false
LINDA;linda;Linda;false
TKN;tokencard;TokenCard;false
ECA;electra;Electra;false
DPY;delphy;Delphy;false
NIX;nix;NIX;false
GAME;gamecredits;GameCredits;false
LOKI;loki;Loki;false
MED;medibloc;MediBloc [QRC20];false
LEO;leocoin;LEOcoin;false
LYL;loyalcoin;LoyalCoin;false
CDT;blox;Blox;false
PHX;red-pulse;Red Pulse Phoenix;false
HYDRO;hydrogen;Hydro;false
MOC;moss-coin;Moss Coin;false
XLQ;alqo;ALQO;false
BITUSD;bitusd;bitUSD;false
ION;ion;ION;false
SCRL;scroll;SCRL;false
ARN;aeron;Aeron;true
CPC;cpchain;CPChain;false
MTC;docademic;Docademic;true
BITG;bitcoin-green;Bitcoin Green;false
ZPT;zeepin;Zeepin;false
SEELE;seele;Seele;false
SWM;swarm-fund;Swarm;true
APPC;appcoins;AppCoins;false
SXDT;spectre-dividend;Spectre.ai Dividend Token;false
CPX;apex;Apex;false
NKN;nkn;NKN;false
FUEL;etherparty;Etherparty;false
XSN;stakenet;Stakenet;false
EDR;e-dinar-coin;E-Dinar Coin;true
BZNT;bezant;Bezant;false
NEU;neumark;Neumark;false
MER;mercury;Mercury;false
TUBE;bit-tube;BitTube;false
SKB;sakura-bloom;Sakura Bloom;false
COB;cobinhood;Cobinhood;false
DBC;deepbrain-chain;DeepBrain Chain;false
BWT;bittwatt;Bittwatt;false
PPP;paypie;PayPie;false
PRE;presearch;Presearch;false
HVN;hiveterminal-token;Hiveterminal Token;false
MSP;mothership;Mothership;false
NLG;gulden;Gulden;false
AEON;aeon;Aeon;false
DERO;dero;Dero;false
MVL;mass-vehicle-ledger;Mass Vehicle Ledger;false
EVR;everus;Everus;false
REPO;repo;REPO;false
EVX;everex;Everex;false
MNX;minexcoin;MinexCoin;false
YOYOW;yoyow;YOYOW;false
MOBI;mobius;Mobius;false
LUN;lunyr;Lunyr;false
CLO;callisto-network;Callisto Network;true
GRFT;graft;Graft;false
TRAC;origintrail;OriginTrail;false
TMC;timicoin;Timicoin;false
BCPT;blockmason;BlockMason Credit Protocol;false
DCC;distributed-credit-chain;Distributed Credit Chain;false
INT;internet-node-token;Internet Node Token;false
ATN;atn;ATN;false
PRL;oyster;Oyster;false
AURA;aurora-dao;Aurora DAO;false
EDN;eden;Eden;false
IMT;moneytoken;Moneytoken;false
CHAT;chatcoin;ChatCoin;false
COV;covesting;Covesting;false
BWK;bulwark;Bulwark;false
PASC;pascal-coin;Pascal Coin;false
NANJ;nanjcoin;NANJCOIN;false
DOCK;dock;Dock;false
XRL;rialto;Rialto;false
SWFTC;swftcoin;SwftCoin;false
CFI;cofound-it;Cofound.it;false
ZCN;0chain;0chain;false
ADT;adtoken;adToken;false
LINA;lina;Lina;false
NVC;novacoin;Novacoin;false
NMC;namecoin;Namecoin;false
NPW;new-power-coin;New Power Coin;false
FTC;feathercoin;Feathercoin;false
TIX;blocktix;Blocktix;false
HAV;havven;Havven;false
UTNP;universa;Universa;false
DCT;decent;DECENT;false
DLT;agrello-delta;Agrello;false
B2B;b2bx;B2BX;false
BIS;bismuth;Bismuth;false
LBC;library-credit;LBRY Credits;false
QBIT;qubitica;Qubitica;false
MTH;monetha;Monetha;false
TERN;ternio;Ternio;true
VIB;viberate;Viberate;false
SPC;spacechain;SpaceChain;true
GIN;gincoin;GINcoin;false
PHR;phore;Phore;false
INK;ink;Ink;true
BITB;bean-cash;Bean Cash;false
XCP;counterparty;Counterparty;false
COSS;coss;COSS;false
DAX;daex;DAEX;false
FOTA;fortuna;Fortuna;false
CRW;crown;Crown;false
SOAR;soarcoin;Soarcoin;false
DBET;decent-bet;DecentBet;false
EKT;educare;EDUCare;false
MWAT;restart-energy-mwat;Restart Energy MWAT;false
BWX;blue-whale-token;Blue Whale Token;false
HTML;html-coin;HTMLCOIN;false
THC;hempcoin;HempCoin;false
ZRC;zrcoin;ZrCoin;false
SHIFT;shift;Shift;false
HOT;hydro-protocol;Hydro Protocol;false
RVR;revolutionvr;RevolutionVR;false
ZPR;zper;ZPER;false
ECC;eccoin;ECC;false
SIX;six;SIX;false
XTO;tao;Tao;false
PMA;pumapay;PumaPay;false
LIF;winding-tree;Winding Tree;false
LA;latoken;LATOKEN;false
OPTI;optitoken;OptiToken;false
PLBT;polybius;Polybius;false
ZCO;zebi;Zebi;false
EXC;eximchain;Eximchain;false
CV;carvertical;carVertical;false
IFOOD;ifoods-chain;Ifoods Chain;false
PURA;pura;Pura;false
TAU;lamden;Lamden;false
1ST;firstblood;FirstBlood;false
BLT;bloomtoken;Bloom;false
YEE;yee;YEE;false
MOT;olympus-labs;Olympus Labs;false
UPP;sentinel-protocol;Sentinel Protocol;false
NER;nerves;Nerves;true
HMC;hi-mutual-society;Hi Mutual Society;false
DOV;dovu;Dovu;false
DADI;dadi;DADI;false
MASH;masternet;MASTERNET;false
OAX;oax;OAX;false
LET;linkeye;LinkEye;false
NSD;nasdacoin;Nasdacoin;false
MLN;melon;Melon;false
SPD;spindle;SPINDLE;true
CAS;cashaa;Cashaa;true
MLM;mktcoin;MktCoin;false
WWB;wowbit;Wowbit;false
CHSB;swissborg;SwissBorg;false
COLX;colossusxt;ColossusXT;false
XHV;haven-protocol;Haven Protocol;false
BOX;contentbox;ContentBox;false
LOC;lockchain;LockTrip;false
SKM;skrumble-network;Skrumble Network;false
QUN;qunqun;QunQun;false
RMT;sureremit;SureRemit;false
DMD;diamond;Diamond;false
ECOREAL;ecoreal-estate;Ecoreal Estate;false
FLASH;flash;Flash;false
BKX;bankex;Bankex;false
BTN;bitnewchain;BitNewChain;false
VIN;vinchain;VINchain;false
ROCK2;ice-rock-mining;ICE ROCK MINING;false
DATX;datx;DATx;false
NCT;polyswarm;PolySwarm;false
BMC;blackmoon;Blackmoon;false
XEL;elastic;Elastic;false
BPT;blockport;Blockport;false
UCASH;ucash;UNIVERSAL CASH;true
BBK;brickblock;Brickblock;false
ONION;deeponion;DeepOnion;false
HLC;halalchain;HalalChain;true
SOUL;phantasma;Phantasma;false
POT;potcoin;PotCoin;false
DIME;dimecoin;Dimecoin;false
BBC;b2bcoin;TraDove B2BCoin;false
BCA;bitcoin-atom;Bitcoin Atom;true
HMQ;humaniq;Humaniq;false
CLAM;clams;Clams;false
ABL;airbloc;Airbloc;false
PEPECASH;pepe-cash;Pepe Cash;false
XDCE;xinfin-network;XinFin Network;false
TMT;traxia;TRAXIA;false
TFD;te-food;TE-FOOD;false
NMR;numeraire;Numeraire;false
SEN;consensus;Consensus;false
TTT;trustnote;TrustNote;false
XMY;myriad;Myriad;false
UP;uptoken;UpToken;false
SINS;safeinsure;SafeInsure;false
DIM;dimcoin;DIMCOIN;true
LUX;luxcoin;LUXCoin;false
ZSC;zeusshield;Zeusshield;false
XPA;xpa;XPA;false
CARD;cardstack;Cardstack;false
BLK;blackcoin;BlackCoin;false
FNKOS;fnkos;FNKOS;false
UKG;unikoin-gold;Unikoin Gold;false
LCS;local-coin-swap;LocalCoinSwap;false
NPX;napoleonx;NaPoleonX;false
HPC;happycoin;Happycoin;false
MGD;massgrid;MassGrid;false
MUE;monetaryunit;MonetaryUnit;false
XSPEC;spectrecoin;Spectrecoin;false
CBC;cashbery-coin;Cashbery Coin;false
FTI;fanstime;FansTime;false
OCT;oraclechain;OracleChain;false
EVN;envion;Envion;false
AXPR;axpire;aXpire;false
CAG;change;Change;false
DAG;constellation;Constellation;false
BTT;blocktrade-token;Blocktrade Token;false
DAT;datum;Datum;false
CEEK;ceek-vr;CEEK VR;true
MAS;midasprotocol;MidasProtocol;false
MUSIC;musicoin;Musicoin;false
VIPS;vipstar-coin;Vipstar Coin;false
AIDOC;aidoc;AI Doctor;false
MTN;medical-chain;Medicalchain;false
UUU;u-network;U Network;false
STX;stox;Stox;false
EGT;egretia;Egretia;false
SWTH;switcheo;Switcheo;false
RMC;russian-mining-coin;Russian Miner Coin;false
REM;remme;Remme;false
AMP;synereo;Synereo;false
BANCA;banca;Banca;false
XP;experience-points;Experience Points;false
DACS;dacsee;DACSEE;false
XAUR;xaurum;Xaurum;false
SNC;suncontract;SunContract;false
ELEC;electrifyasia;Electrify.Asia;false
ERO;eroscoin;Eroscoin;false
TOA;toacoin;ToaCoin;true
BOXX;boxx-token-blockparty;BOXX Token [Blockparty];false
PND;pandacoin-pnd;Pandacoin;false
CAPP;cappasity;Cappasity;false
SEM;semux;Semux;false
RADS;radium;Radium;false
STK;stk;STK;false
IVY;ivy;Ivy;false
KRM;karma;Karma;false
UGC;ugchain;ugChain;false
GET;get-protocol;GET Protocol;true
FLO;flo;FLO;false
BOT;bodhi;Bodhi;false
GOT;gonetwork;GoNetwork;false
ADST;adshares;AdShares;false
GRC;gridcoin;GridCoin;false
LGS;logiscoin;LogisCoin;false
DBIX;dubaicoin-dbix;DubaiCoin;false
TRIG;triggers;Triggers;false
DTB;databits;Databits;false
GEN;daostack;DAOstack;false
QBT;qbao;Qbao;false
EBC;ebcoin;EBCoin;false
UBEX;ubex;Ubex;false
ATMI;atonomi;Atonomi;false
TIC;thingschain;Thingschain;true
GSC;global-social-chain;Global Social Chain;false
GEM;gems-protocol;Gems;false
BBN;banyan-network;Banyan Network;false
RBY;rubycoin;Rubycoin;false
XTL;stellite;Stellite;false
VZT;vezt;Vezt;false
HST;decision-token;Decision Token;true
DXT;datawallet;Datawallet;false
CBC;cashbet-coin;CashBet Coin;false
CSNO;bitdice;BitDice;false
IOC;iocoin;I/O Coin;false
DEV;deviantcoin;DeviantCoin;false
PYN;paycent;PAYCENT;false
UT;ulord;Ulord;false
XSH;shield-xsh;SHIELD;false
MRPH;morpheus-network;Morpheus.Network;false
ESN;ethersocial;Ethersocial;false
SSP;smartshare;Smartshare;false
HKN;hacken;Hacken;false
VRC;vericoin;VeriCoin;false
WTL;welltrado;Welltrado;true
XLR;solaris;Solaris;false
NLC2;nolimitcoin;NoLimitCoin;false
TNC;trinity-network-credit;Trinity Network Credit;false
BMX;bitmart-token;BitMart Token;false
DX;dxchain-token;DxChain Token;false
CCL;cyclean;CYCLEAN;false
MRK;mark-space;MARK.SPACE;false
TOL;tolar;Tolar;false
POLIS;polis;Polis;false
ECOM;omnitude;Omnitude;false
DRT;domraider;DomRaider;false
XNK;ink-protocol;Ink Protocol;false
PRA;prochain;ProChain;false
GUP;guppy;Matchpool;false
COVAL;circuits-of-value;Circuits of Value;false
ATCC;atc-coin;ATC Coin;false
MINT;mintcoin;MintCoin;false
INCNT;incent;Incent;false
OMX;shivom;Shivom;false
VEX;vexanium;Vexanium;true
DICE;etheroll;Etheroll;false
BSD;bitsend;BitSend;false
MVP;merculet;Merculet;false
MYST;mysterium;Mysterium;false
EXY;experty;Experty;false
DOT;dotcoin;Dotcoin;false
WAB;wabnetwork;WABnetwork;false
ORME;ormeus-coin;Ormeus Coin;true
ZEL;zelcash;ZelCash;false
SNET;snetwork;Snetwork;false
BZ;bit-z-token;Bit-Z Token;false
RMESH;rightmesh;RightMesh;false
OLT;oneledger;OneLedger;false
MDT;measurable-data-token;Measurable Data Token;false
WCT;waves-community-token;Waves Community Token;false
SENT;sentinel;Sentinel;false
TSL;energo;Energo;false
CHP;coinpoker;CoinPoker;false
TIME;chronobank;Chronobank;false
ESP;espers;Espers;false
ANC;anoncoin;Anoncoin;false
CCCX;clipper-coin;Clipper Coin;false
SRCOIN;srcoin;SRCOIN;false
PAT;patron;Patron;true
EKO;echolink;EchoLink;false
CZR;cononchain;CanonChain;false
FMF;formosa-financial;Formosa Financial;false
DNA;encrypgen;EncrypGen;false
EXRN;exrnchain;EXRNchain;false
NTK;neurotoken;Neurotoken;false
AVT;aventus;Aventus;false
LND;lendingblock;Lendingblock;false
SSC;selfsell;SelfSell;false
DGX;digix-gold-token;Digix Gold Token;false
LPC;lightpaycoin;Lightpaycoin;true
ZMN;zmine;ZMINE;false
FLIXX;flixxo;Flixxo;false
SLR;solarcoin;SolarCoin;false
RET;realtract;RealTract;true
BOB;bobs-repair;Bob's Repair;false
SEQ;sequence;Sequence;false
CXO;cargox;CargoX;false
PRJ;project-coin;Project Coin;false
NBC;niobium-coin;Niobium Coin;true
FORK;forkcoin;Forkcoin;false
CVN;cvcoin;CVCoin;false
GEO;geocoin;GeoCoin;false
ETK;energitoken;EnergiToken;false
MSR;masari;Masari;false
TRST;trust;WeTrust;false
NBAI;nebula-ai;Nebula AI;false
AC3;ac3;AC3;false
AIR;airtoken;AirToken;false
DEC;darcio-ecosystem-coin;Darico Ecosystem Coin;false
GARD;hashgard;Hashgard;false
PCH;popchain;POPCHAIN;false
FREE;free-coin;FREE Coin;false
RED;red;RED;false
ZEPH;zephyr;Zephyr;false
NIM;nimiq;Nimiq;false
DEB;debitum-network;Debitum;false
COFI;coinfi;CoinFi;false
RTE;rate3;Rate3;false
IDH;indahash;indaHash;true
PRG;paragon;Paragon;false
SHND;stronghands;StrongHands;false
OMNI;omni;Omni;false
NIO;autonio;Autonio;true
GBX;gobyte;GoByte;false
XRA;xriba;Xriba;false
NOTE;dnotes;DNotes;false
CHX;own;Own;false
IXT;ixledger;IXT;false
EXP;expanse;Expanse;false
HB;heartbout;HeartBout;false
FDZ;friends;Friendz;false
APH;aphelion;Aphelion;false
PTOY;patientory;Patientory;false
ARO;arionum;Arionum;false
OK;okcash;OKCash;false
RLX;relex;Relex;false
LEDU;education-ecosystem;Education Ecosystem;true
ZAP;zap;Zap;false
SNTR;silent-notary;Silent Notary;false
TIPS;fedoracoin;FedoraCoin;false
AAC;acute-angle-cloud;Acute Angle Cloud;false
LEV;leverj;Leverj;false
DYN;dynamic;Dynamic;false
PKC;pikciochain;PikcioChain;false
SIB;sibcoin;SIBCoin;false
SS;sharder;Sharder;false
EFX;effect-ai;Effect.AI;false
ABYSS;the-abyss;The Abyss;false
MYB;mybit;MyBit;false
CAN;canyacoin;CanYaCoin;false
TFL;trueflip;TrueFlip;false
IPL;insurepal;VouchForMe;false
ABY;artbyte;ArtByte;false
1WO;1world;1World;false
XMX;xmax;XMax;false
RVT;rivetz;Rivetz;false
SWT;swarm-city;Swarm City;false
SIC;swisscoin;Swisscoin;true
AID;aidcoin;AidCoin;false
XSD;bitshares-music;SounDAC;false
SXUT;spectre-utility;Spectre.ai Utility Token;false
PINK;pinkcoin;PinkCoin;false
DAV;dav-coin;DAV Coin;false
GCC;global-cryptocurrency;Global Cryptocurrency;false
NYC;newyorkcoin;NewYorkCoin;true
PIRL;pirl;Pirl;false
OLE;olive;Olive;false
COIN;coinvest;Coinvest;false
NRG;energi;Energi;false
ACAT;alphacat;Alphacat;false
PAL;pal-network;Pal Network;false
CPC;capricoin;Capricoin;false
XHI;hicoin;HiCoin;false
BEZ;bezop;Bezop;true
ADB;adbank;adbank;true
FLDC;foldingcoin;FoldingCoin;false
ALX;alax;ALAX;false
CLN;colu-local-network;Colu Local Network;false
NPER;nper;NPER;false
CRBT;cruisebit;Cruisebit;true
SENC;sentinel-chain;Sentinel Chain;false
CURE;curecoin;Curecoin;false
NKC;nework;Nework;false
HER;heronode;HeroNode;false
MITX;morpheus-labs;Morpheus Labs;false
DIVX;divi-exchange-token;Divi Exchange Token;false
X8X;x8x-token;X8X Token;false
BERRY;rentberry;Rentberry;false
SHL;oyster-shell;Oyster Shell;false
GOLOS;golos;Golos;false
CTC;credit-tag-chain;Credit Tag Chain;false
UBT;unibright;Unibright;false
AVA;travala;Travala;false
FLP;flip;FLIP;false
ALIS;alis;ALIS;false
BNTY;bounty0x;Bounty0x;false
DTH;dether;Dether;false
SHP;sharpe-platform-token;Sharpe Platform Token;false
C2C;c2c-system;C2C System;false
NOKU;noku;Noku;false
RNTB;bitrent;BitRent;true
CBT;commerceblock;CommerceBlock;false
GAT;gatcoin;Gatcoin;false
BDG;bitdegree;BitDegree;false
NCC;neurochain;NeuroChain;false
FACE;faceter;Faceter;false
BTCZ;bitcoinz;BitcoinZ;true
IDXM;idex-membership;IDEX Membership;false
PKT;playkey;Playkey;false
J8T;jet8;JET8;false
NEOS;neoscoin;NeosCoin;false
PARETO;pareto-network;Pareto Network;false
UQC;uquid-coin;Uquid Coin;true
SEND;social-send;Social Send;false
AUR;auroracoin;Auroracoin;false
LIFE;life;LIFE;false
KWATT;4new;4NEW;true
JC;jesus-coin;Jesus Coin;false
SPHR;sphere;Sphere;false
FLUZ;fluz-fluz;Fluz Fluz;false
TKS;tokes;Tokes;false
SYNX;syndicate;Syndicate;false
PCL;peculium;Peculium;false
SNOV;snovio;Snovian.Space;false
MIB;mib-coin;MIB Coin;false
POLL;clearpoll;ClearPoll;false
HBZ;helbiz;Helbiz;false
CPAY;cryptopay;Cryptopay;false
2GIVE;2give;2GIVE;false
ALI;ailink-token;AiLink Token;false
SPRTS;sprouts;Sprouts;false
AMLT;amlt;AMLT;false
FTX;fintrux-network;FintruX Network;false
KNT;kora-network-token;Kora Network Token;false
MTX;matryx;Matryx;false
DAN;daneel;Daneel;false
MIC;mindexcoin;Mindexcoin;false
PLAY;herocoin;HEROcoin;false
BEE;bee-token;Bee Token;false
INXT;internxt;Internxt;false
ADH;adhive;AdHive;false
KB3;b3coin;B3Coin;false
BLUE;ethereum-blue;Blue Protocol;false
ETT;encryptotel;EncryptoTel [WAVES];false
BRX;breakout-stake;Breakout Stake;false
TES;teslacoin;TeslaCoin;false
BRX;breakout-stake;Breakout Stake;false
XAP;apollon;Apollon;false
INSTAR;insights-network;Insights Network;false
VIT;vice-industry-token;Vice Industry Token;false
GLD;goldcoin;GoldCoin;false
RATING;dprating;DPRating;false
PIX;lampix;Lampix;false
LIKE;likecoin;LikeCoin;false
ICOS;icos;ICOS;false
VULC;vulcano;VULCANO;false
ATL;atlant;ATLANT;true
EVE;devery;Devery;false
CMCT;crowd-machine;Crowd Machine;false
PLU;pluton;Pluton;false
CANN;cannabiscoin;CannabisCoin;false
UCN;uchain;UChain;false
DOW;dowcoin;DOWCOIN;false
HXX;hexx;Hexx;false
YOC;yocoin;Yocoin;false
NXC;nexium;Nexium;false
CPLO;cpollo;Cpollo;false
ZIPT;zippie;Zippie;false
ABX;arbidex;Arbidex;false
XCEL;xceltoken;XcelToken;false
TRTT;trittium;Trittium;false
AIT;aichain;AICHAIN;false
PRIX;privatix;Privatix;false
MRT;miners-reward-token;Miners' Reward Token;false
AAA;abulaba;Abulaba;false
CAT;bitclave;BitClave;false
IND;indorse-token;Indorse Token;false
IOP;internet-of-people;Internet of People;false
MTC;mtc-mesh-network;MTC Mesh Network;false
TX;transfercoin;TransferCoin;false
NOBS;no-bs-crypto;No BS Crypto;false
ARY;block-array;Block Array;false
DAGT;digital-asset-guarantee-token;Digital Asset Guarantee Token;false
TIG;tigereum;Tigereum;false
FREC;freyrchain;Freyrchain;false
BETHER;bethereum;Bethereum;false
CST;cryptosolartech;Cryptosolartech;false
ONL;on-live;On.Live;false
DOPE;dopecoin;DopeCoin;false
QWARK;qwark;Qwark;false
USNBT;nubits;NuBits;false
LWF;local-world-forwarders;Local World Forwarders;false
TRF;travelflex;Travelflex;false
PBL;publica;Publica;false
BETR;betterbetting;BetterBetting;false
NET;nimiq-exchange-token;Nimiq Exchange Token;false
DNR;denarius-dnr;Denarius;false
IPSX;ip-exchange;IP Exchange;false
GLA;gladius-token;Gladius Token;false
PENG;penguin-coin;Penguin Coin;false
ENRG;energycoin;Energycoin;false
MEDIC;mediccoin;MedicCoin;false
UNIT;universal-currency;Universal Currency;false
UFR;upfiring;Upfiring;false
OWN;owndata;OWNDATA;false
SMOKE;smoke;Smoke;false
WISH;mywish;MyWish;false
EVN;evencoin;EvenCoin;false
LTHN;lethean;Lethean;false
CYFM;cyberfm;CyberFM;false
VRM;veriumreserve;VeriumReserve;false
EXCL;exclusivecoin;ExclusiveCoin;false
NUSD;nusd;nUSD;false
ZEST;zest;ZEST;false
RCT;realchain;RealChain;false
XBI;bitcoin-incognito;Bitcoin Incognito;false
HYP;hyperstake;HyperStake;false
LALA;lala-world;LALA World;false
ZLA;zilla;Zilla;false
SPF;sportyco;SportyCo;false
ELIX;elixir;Elixir;false
RYO;ryo-currency;Ryo Currency;false
0xBTC;0xbtc;0xBitcoin;false
ZOI;zoin;Zoin;false
SIG;signal-token;Spectiv;false
KRL;kryll;Kryll;false
S;sharpay;Sharpay;false
GPKR;gold-poker;Gold Poker;false
SPD;stipend;Stipend;false
KORE;korecoin;Kore;false
TRC;terracoin;Terracoin;false
SUMO;sumokoin;Sumokoin;true
ADC;audiocoin;AudioCoin;false
EBST;eboostcoin;eBoost;false
ATM;attention-token-of-media;ATMChain;false
MEME;memetic;Memetic / PepeCoin;false
42;42-coin;42-coin;false
TAC;traceability-chain;Traceability Chain;false
WRC;worldcore;Worldcore;false
ATB;atbcoin;ATBCoin;true
MNTP;goldmint;GoldMint;false
LDOGE;litedoge;LiteDoge;false
TRTL;turtlecoin;Turtlecoin;false
HUR;hurify;Hurify;false
GENE;parkgene;Parkgene;false
FLOT;fire-lotto;Fire Lotto;true
ORS;origin-sport;Origin Sport;false
CDM;condominium;Condominium;false
XCLR;clearcoin;ClearCoin;false
CAT;blockcat;BlockCAT;false
EBTC;ebtcnew;eBitcoin;false
LOCI;locicoin;LOCIcoin;false
PTC;pesetacoin;Pesetacoin;true
SPX;sp8de;Sp8de;false
RUP;rupee;Rupee;false
EXMR;ethereum-monero;Ethereum Monero;false
HWC;hollywoodcoin;HollyWoodCoin;false
PFR;payfair;Payfair;false
HQX;hoqu;HOQU;false
BRK;breakout;Breakout;false
FYP;flypme;FlypMe;false
WSX;wearesatoshi;WeAreSatoshi;false
PAYX;paypex;Paypex;false
AKA;akroma;Akroma;false
TGAME;tgame;Truegame;true
THRT;thrive-token;Thrive Token;false
SKIN;skincoin;SkinCoin;false
OOT;utrum;Utrum;false
KRB;karbo;Karbo;false
PTT;proton-token;Proton Token;false
MONK;monkey-project;Monkey Project;false
TRXC;tronclassic;TRONCLASSIC;false
ENGT;engagement-token;Engagement Token;true
NAVI;naviaddress;Naviaddress;false
METM;metamorph;MetaMorph;false
SEXC;sharex;ShareX;false
MVC;maverick-chain;Maverick Chain;false
ETA;etheera;Etheera;false
BCY;bitcrystals;Bitcrystals;false
CRED;verify;Verify;false
GETX;guaranteed-ethurance-token-extra;Guaranteed Ethurance Token Extra;false
EVC;eventchain;EventChain;false
RPM;repme;Repme;false
XMCT;xmct;XMCT;false
HUC;huntercoin;HunterCoin;false
WDC;worldcoin;WorldCoin;false
ONG;ongsocial;SoMee.Social;false
NRVE;narrative;Narrative;false
FOX;smartfox;SmartFox;false
PUT;profile-utility-token;Profile Utility Token;false
EGC;evergreencoin;EverGreenCoin;false
ACE;ace;ACE (TokenStars);false
VOISE;voisecom;Voise;false
KEK;kekcoin;KekCoin;false
FTXT;futurax;FUTURAX;false
BTK;bitcoin-token;Bitcoin Token;false
BON;bonpay;Bonpay;false
SPN;sapien;Sapien;false
BEN;bitcoen;BitCoen;false
TCC;the-champcoin;The ChampCoin;false
ZER;zero;Zero;false
CRAVE;crave;Crave;false
AUC;auctus;Auctus;false
FKX;knoxstertoken;Knoxstertoken;false
XPD;petrodollar;PetroDollar;false
XSG;snowgem;SnowGem;false
PYX;pyrexcoin;PyrexCoin;false
BBO;bigbom;Bigbom;false
ELLA;ellaism;Ellaism;false
BOUTS;boutspro;BoutsPro;false
BELA;belacoin;Bela;false
ZXC;0xcert;0xcert;false
BITS;bitswift;Bitswift;false
SHADE;shade-token;SHADE Token;false
AIX;aigang;Aigang;false
CYMT;cybermusic;CyberMusic;false
IG;igtoken;IGToken;false
WSP;wispr;Wispr;false
BIR;birake;Birake;false
FSBT;forty-seven-bank;Forty Seven Bank;true
PYLNT;pylon-network;Pylon Network;false
XBC;bitcoin-plus;Bitcoin Plus;false
ORB;orbitcoin;Orbitcoin;false
BUNNY;bunnytoken;BunnyToken;false
DML;decentralized-machine-learning;Decentralized Machine Learning;false
SMLY;smileycoin;SmileyCoin;false
PMNT;paymon;Paymon;false
FGC;fantasygold;FantasyGold;true
NLX;nullex;Nullex;false
IQN;iqeon;IQeon;true
XNN;xenon;Xenon;false
WEB;webcoin;Webcoin;false
PHO;photon;Photon;false
HAND;showhand;ShowHand;false
XMCC;monacocoin;Monoeci;false
AUX;auxilium;Auxilium;false
NDC;neverdie;NEVERDIE;false
XBP;blitzpredict;BlitzPredict;false
SCT;soma;Soma;false
ING;iungo;Iungo;false
BIT;bitrewards;BitRewards;false
WSD;white-standard;White Standard;false
ADI;aditus;Aditus;false
HUZU;huzu;HUZU;false
EFL;e-gulden;e-Gulden;false
ORE;galactrum;Galactrum;false
CFUN;cfun;CFun;false
ALT;altcoin-alt;Altcoin;false
NDX;ndex;nDEX;false
AMN;amon;Amon;true
TKA;tokia;Tokia;false
CL;coinlancer;Coinlancer;false
TRUMP;trumpcoin;TrumpCoin;false
808;808coin;808Coin;false
CREA;creativecoin;Creativecoin;false
XCG;xchange;Xchange;false
INN;innova;Innova;false
STAC;startercoin;StarterCoin;false
LDC;leadcoin;Leadcoin;false
BTW;bitwhite;BitWhite;true
DP;digitalprice;DigitalPrice;false
SPR;spreadcoin;SpreadCoin;false
EGX;eaglex;EagleX;false
GNR;gainer;Gainer;false
OPC;op-coin;OP Coin;false
XGOX;xgox;XGOX;false
ENTS;eunomia;EUNOMIA;false
CCRB;cryptocarbon;CryptoCarbon;false
KLN;kolion;Kolion;false
RGS;rusgas;RusGas;false
ADZ;adzcoin;Adzcoin;false
PHON;phonecoin;Phonecoin;false
XCASH;x-cash;X-Cash;false
KLKS;kalkulus;Kalkulus;false
MORE;more-coin;More Coin;false
BENZ;benz;Benz;false
UTC;ultracoin;UltraCoin;false
AMM;micromoney;MicroMoney;false
MAO;mao-zedong;Mao Zedong;false
EGEM;ethergem;EtherGem;false
INV;invacio;Invacio;false
RTB;ab-chain-rtb;AB-Chain RTB;false
APR;apr-coin;APR Coin;false
NCP;newton-coin-project;Newton Coin Project;false
QUAN;quantis-network;Quantis Network;false
ZET;zetacoin;Zetacoin;false
PCN;peepcoin;PeepCoin;false
LANA;lanacoin;LanaCoin;false
EZT;eztoken;EZToken;false
CMPCO;campuscoin;CampusCoin;false
RUPX;rupaya;Rupaya;false
STU;student-coin;bitJob;false
GIC;giant-coin;Giant;false
MAG;magnet;Magnet;false
SUR;suretly;Suretly;false
TRUST;trustplus;TrustPlus;false
PUREX;purex;Pure;false
BEET;beetle-coin;Beetle Coin;true
EQL;equal;Equal;true
TNS;transcodium;Transcodium;false
ARC;arcticcoin;Advanced Technology Coin;false
BTXC;bettex-coin;Bettex Coin;false
OBT;orbis-token;Orbis Token;false
PKG;pkg-token;PKG Token;false
VIU;viuly;Viuly;false
MOIN;moin;Moin;false
BTM;bitmark;Bitmark;false
EVI;evimeria;Evimeria;false
DOR;dorado;Dorado;true
FOXT;fox-trading;Fox Trading;false
NTK;netkoin;NetKoin;false
ZCR;zcore;ZCore;false
CFL;cryptoflow;CryptoFlow;false
XMG;magi;Magi;false
ACM;actinium;Actinium;false
ATS;authorship;Authorship;false
IC;ignition;Ignition;false
CASH;cashcoin;Cashcoin;false
FRST;firstcoin;FirstCoin;false
JET;jetcoin;Jetcoin;true
LNC;blocklancer;Blocklancer;false
IQ;iqcash;IQ.cash;false
XDNA;xdna;XDNA;false
ITT;intelligent-trading-foundation;Intelligent Trading Foundation;false
ORI;origami;Origami;false
CATO;catocoin;CatoCoin;false
IFLT;inflationcoin;InflationCoin;false
ZNT;zenswap-network-token;Zenswap Network Token;false
VRS;veros;Veros;false
PRIV;privcy;PRiVCY;false
TEAM;tokenstars;TEAM (TokenStars);false
TOTO;tourist-token;Tourist Token;false
VIVO;vivo;VIVO;false
SOL;sola-token;Sola Token;false
BSTN;bitstation;BitStation;false
LCP;litecoin-plus;Litecoin Plus;false
PROC;procurrency;ProCurrency;false
WAGE;digiwage;Digiwage;false
PUT;putincoin;PutinCoin;false
NSR;nushares;NuShares;true
RNS;renos;Renos;false
DFT;draftcoin;DraftCoin;false
CTL;citadel;Citadel;false
WEB;webchain;Webchain;false
ARCT;arbitragect;ArbitrageCT;false
KNT;knekted;Knekted;false
ELY;elysian;Elysian;false
XRA;ratecoin;Ratecoin;false
CRD;cryptaldash;CryptalDash;false
TTC;tittiecoin;TittieCoin;false
VOT;votecoin;VoteCoin;false
RLT;roulettetoken;RouletteToken;false
ZEUS;zeuscrowdfunding;ZeusCrowdfunding;false
UNIFY;unify;Unify;false
ONX;onix;Onix;false
WIT;witchain;WITChain;false
SSS;sharechain;Sharechain;false
BMH;blockmesh;BlockMesh;false
SHDW;shadow-token;Shadow Token;false
XPTX;platinumbar;PlatinumBAR;false
KBR;kubera-coin;Kubera Coin;false
MRI;mirai;Mirai;false
BYC;bytecent;Bytecent;false
WHL;whalecoin;WhaleCoin;false
EARTH;earth-token;Earth Token;false
EUNO;euno;EUNO;false
NRP;neural-protocol;Neural Protocol;false
SDRN;senderon;Senderon;false
YUP;crowdholding;Crowdholding;false
OPCX;opcoinx;OPCoinX;false
BTA;bata;Bata;false
REC;regalcoin;Regalcoin;false
DRXNE;droxne;DROXNE;false
WILD;wild-crypto;Wild Crypto;false
MAC;machinecoin;Machinecoin;false
PGN;pigeoncoin;Pigeoncoin;false
DTRC;datarius-credit;Datarius Credit;true
XXX;adultchain;AdultChain;false
ACED;aced;AceD;false
TOKC;tokyo;TOKYO;false
ODN;obsidian;Obsidian;false
LOBS;lobstex;Lobstex;false
PRTX;printex;Printex;false
BNN;brokernekonetwork;BrokerNekoNetwork;false
GRMD;greenmed;GreenMed;false
DIN;dinero;Dinero;false
MBRS;embers;Embers;false
TOK;tokugawa;Tokugawa;false
ELTCOIN;eltcoin;ELTCOIN;false
DSR;desire;Desire;false
XOV;xovbank;XOVBank;false
V;version;Version;false
OCC;octoin-coin;Octoin Coin;true
CRB;creditbit;Creditbit;false
SCRT;secretcoin;SecretCoin;false
HAVY;havy;Havy;false
DELTA;delta-chain;DeltaChain;false
NEVA;nevacoin;NevaCoin;false
PLURA;pluracoin;PluraCoin;false
ACTP;archetypal-network;Archetypal Network;false
OUR;ourcoin;Ourcoin;false
BNC0;bionic;Bionic;true
BNC;bionic;Bionic;true
WIX;wixlar;Wixlar;false
CJ;cryptojacks;Cryptojacks;false
TDS;tokendesk;TokenDesk;false
BTR;bitether;Bitether;false
ZBA;zoomba;Zoomba;false
ARION;arion;Arion;false
MCAP;mcap;MCAP;false
MFTU;mainstream-for-the-underground;Mainstream For The Underground;true
STN;steneum-coin;Steneum Coin;false
YLC;yolocash;YoloCash;false
GDC;grandcoin;GrandCoin;false
AZART;azart;Azart;false
DEUS;deuscoin;DeusCoin;false
GOSS;gossipcoin;Gossipcoin;false
DACH;dach-coin;DACH Coin;false
XIND;indinode;INDINODE;false
JOINT;joint-ventures;Joint Ventures;false
PLAN;plancoin;Plancoin;false
ACRE;acre;ACRE;false
SCRIV;scriv-network;SCRIV NETWORK;false
AMS;amsterdamcoin;AmsterdamCoin;false
TCH;thore-cash;Thore Cash;false
IMP;ether-kingdoms-token;Ether Kingdoms Token;false
ADCN;asiadigicoin;Asiadigicoin;false
BTCONE;bitcoin-one;BitCoin One;false
PRC;prcoin;PRCoin;false
KUN;kun;KUN;false
CHAN;chancoin;ChanCoin;false
SIM;simmitri;Simmitri;true
BSC;bowscoin;BowsCoin;false
NANOX;project-x;Project-X;false
BLN;bolenum;Bolenum;false
LKK;lykke;Lykke;false
IOG;playgroundz;Playgroundz;false
UTT;uttoken;United Traders Token;false
LFT;linfinity;Linfinity;false
SCR;scorum-coins;Scorum Coins;false
RISE;rise;Rise;true
PBT;primalbase;Primalbase Token;false
BET;dao-casino;DAO.Casino;false
GRID;grid;Grid+;false
TAAS;taas;TaaS;false
AU;aurumcoin;AurumCoin;false
AC;asiacoin;AsiaCoin;false
APX;apx;APX;false
PPY;peerplays-ppy;Peerplays;false
HBT;hubii-network;Hubii Network;false
XST;stealth;Stealth;false
GAM;gambit;Gambit;false
THR;thorecoin;ThoreCoin;false
AVINOC;avinoc;AVINOC;false
LNC;linker-coin;Linker Coin;false
ART;maecenas;Maecenas;false
STA;starta;Starta;false
ECOB;ecobit;Ecobit;false
CEN;coinsuper-ecosystem-network;Coinsuper Ecosystem Network;false
IFT;investfeed;InvestFeed;false
MOZO;mozo-token;Mozo Token;false
CHIPS;chips;CHIPS;false
SVD;savedroid;savedroid;false
XES;proxeus;Proxeus;false
SHIP;shipchain;ShipChain;false
SENSE;sense;Sense;false
FOOD;food;FoodCoin;false
QRK;quark;Quark;true
HDG;hedge;Hedge;false
OPT;opus;Opus;false
BQ;bitqy;bitqy;false
ZEIT;zeitcoin;Zeitcoin;false
1337;1337coin;Elite;false
FCN;fantomcoin;Fantomcoin;false
FTT;farmatrust;FarmaTrust;false
REAL;real;REAL;false
CPY;copytrack;COPYTRACK;false
OBITS;obits;OBITS;false
REBL;rebl;REBL;false
SONIQ;soniq;Soniq;false
LMC;lomocoin;LoMoCoin;false
SCL;sociall;Sociall;false
SEAL;seal-network;Seal Network;false
ASTRO;astro;Astro;false
LATX;latiumx;LatiumX;false
BITX;bitscreener-token;BitScreener Token;false
CBX;bullion;Bullion;false
POSW;posw-coin;PoSW Coin;false
ATMOS;atmos;Atmos;false
MOTO;motocoin;Motocoin;false
BPL;blockpool;Blockpool;false
SETH;sether;Sether;false
PHI;phi-token;PHI Token;true
BLU;bluecoin;BlueCoin;false
ERC;europecoin;EuropeCoin;false
AHT;bowhead;Bowhead;false
HORSE;ethorse;Ethorse;false
BBS;bbscoin;BBSCoin;false
FDX;fidentiax;FidentiaX;false
HGT;hellogold;HelloGold;false
OTN;open-trading-network;Open Trading Network;false
DAR;darcrus;Darcrus;false
ERT;eristica;Eristica;false
RC;russiacoin;RussiaCoin;false
HEAT;heat-ledger;HEAT;false
REX;imbrex;imbrex;false
UFO;uniform-fiscal-object;Uniform Fiscal Object;false
ETBS;ethbits;Ethbits;false
GOOD;goodomy;Goodomy;false
NTRN;neutron;Neutron;false
EFYT;ergo;Ergo;false
GCN;gcn-coin;GCN Coin;false
HAC;hackspace-capital;Hackspace Capital;false
SUPER;supercoin;SuperCoin;false
VME;verime;VeriME;false
HERO;sovereign-hero;Sovereign Hero;false
CARBON;carboncoin;Carboncoin;false
TBX;tokenbox;Tokenbox;false
KIND;kind-ads-token;Kind Ads Token;false
SMS;speed-mining-service;Speed Mining Service;false
XUN;ultranote-coin;UltraNote Coin;false
CHC;chaincoin;ChainCoin;false
ECN;e-coin;E-coin;false
STAR;starbase;Starbase;false
BIO;biocoin;BioCoin;false
BUZZ;buzzcoin;BuzzCoin;false
TRAK;trakinvest;TrakInvest;false
BBP;biblepay;BiblePay;false
TIE;tiesdb;Ties.DB;false
FID;fidelium;Fidelium;false
LYNX;lynx;Lynx;false
NOBL;noblecoin;NobleCoin;false
TALAO;talao;Talao;false
DAY;chronologic;Chronologic;false
SMQ;simdaq;SIMDAQ;false
VIEW;view;View;false
FOR;force;FORCE;false
XCN;cryptonite;Cryptonite;false
EQT;equitrader;EquiTrader;false
HUSH;hush;Hush;false
UNIC;unicoin;UniCoin;false
MNP;mnpcoin;MNPCoin;false
REF;reftoken;RefToken;false
KOBO;kobocoin;Kobocoin;false
PIPL;piplcoin;PiplCoin;false
POP;popularcoin;PopularCoin;false
TGT;target-coin;Target Coin;false
SGN;signals-network;Signals Network;false
JOT;jury-online-token;Jury.Online Token;false
LIVE;live-stars;Live Stars;false
RAIN;condensate;Condensate;false
SHARD;shard;Shard;false
TOLL;bridge-protocol;Bridge Protocol;false
AOG;smartofgiving;smARTOFGIVING;false
PING;cryptoping;CryptoPing;false
MEC;megacoin;Megacoin;false
TSE;tattoocoin;Tattoocoin (Standard Edition);false
CRC;crycash;CryCash;false
DIT;digital-insurance-token;Digital Insurance Token;true
MFG;syncfab;SyncFab;false
FLT;fluttercoin;FlutterCoin;false
OCL;oceanlab;Oceanlab;false
MXT;martexcoin;MarteXcoin;false
HIRE;hirematch;HireMatch;false
VSL;vslice;vSlice;false
RIYA;etheriya;Etheriya;false
TZC;trezarcoin;TrezarCoin;false
WAND;wandx;WandX;false
FJC;fujicoin;FujiCoin;false
AIB;advanced-internet-blocks;Advanced Internet Blocks;false
VSX;vsync-vsx;Vsync;false
TROLL;trollcoin;Trollcoin;false
UNI;universe;Universe;false
BTDX;bitcloud;Bitcloud;false
STAK;straks;STRAKS;false
BUN;bunnycoin;BunnyCoin;false
GMT;mercury-protocol;Mercury Protocol;false
LOG;woodcoin;Woodcoin;false
SXC;sexcoin;Sexcoin;false
ZENI;zennies;Zennies;false
STRC;starcredits;StarCredits;false
CDN;canada-ecoin;Canada eCoin;false
TAG;tagcoin;TagCoin;false
GRWI;growers-international;Growers International;false
SAGA;sagacoin;SagaCoin;false
DCY;dinastycoin;Dinastycoin;false
IXC;ixcoin;Ixcoin;false
I0C;i0coin;I0Coin;false
ARG;argentum;Argentum;false
KNDC;kanadecoin;KanadeCoin;false
DTX;data-exchange;DaTa eXchange;false
FND;fundrequest;FundRequest;false
DRPU;drp-utility;DCORP Utility;false
MBI;monster-byte;Monster Byte;false
MAZA;mazacoin;MAZA;false
MCI;musiconomi;Musiconomi;false
CDX;commodity-ad-network;Commodity Ad Network;false
ZINC;zinc;ZINC;false
BTAD;bitcoin-adult;Bitcoin Adult;false
ZNY;bitzeny;Bitzeny;false
VIKKY;vikkytoken;VikkyToken;false
DGC;digitalcoin;Digitalcoin;false
FRC;freicoin;Freicoin;false
TRK;truckcoin;Truckcoin;false
BITSILVER;bitsilver;bitSilver;false
HODL;hodlcoin;HOdlcoin;false
SGR;sugar-exchange;Sugar Exchange;false
MANNA;manna;Manna;false
DEM;deutsche-emark;Deutsche eMark;false
HNC;helleniccoin;Helleniccoin;false
FT;fabric-token;Fabric Token;false
MAGE;magiccoin;MagicCoin;false
BITBTC;bitbtc;bitBTC;false
DSH;dashcoin;Dashcoin;false
NKA;incakoin;IncaKoin;false
SKC;skeincoin;Skeincoin;false
VIVID;vivid-coin;Vivid Coin;false
WELL;well;WELL;false
OPAL;opal;Opal;false
Q2C;qubitcoin;QubitCoin;false
USC;ultimate-secure-cash;Ultimate Secure Cash;false
PIGGY;piggycoin;Piggycoin;false
BLC;blakecoin;Blakecoin;false
DGPT;digipulse;DigiPulse;false
HBN;hobonickels;HoboNickels;false
UNB;unbreakablecoin;UnbreakableCoin;false
SNRG;synergy;Synergy;false
ESZ;ethersportz;EtherSportz;false
EBCH;ebitcoin-cash;EBCH;false
BRO;bitradio;Bitradio;false
BRIA;briacoin;BriaCoin;false
GOLF;golfcoin;Golfcoin;false
PXC;phoenixcoin;Phoenixcoin;false
START;startcoin;Startcoin;false
IETH;iethereum;iEthereum;false
ELE;elementrem;Elementrem;false
BTCR;bitcurrency;Bitcurrency;false
BND;blocknode;Blocknode;false
CAZ;cazcoin;Cazcoin;false
BTWTY;bit20;Bit20;false
FST;fastcoin;Fastcoin;false
XBL;billionaire-token;Billionaire Token;false
UIS;unitus;Unitus;false
BTB;bitbar;BitBar;false
BITGOLD;bitgold;bitGold;false
MNE;minereum;Minereum;false
NETKO;netko;Netko;false
NBR;niobio-cash;Niobio Cash;false
SGP;sgpay;SGPay;false
TDX;tidex-token;Tidex Token;false
EDRC;edrcoin;EDRCoin;true
BITS;bitstar;Bitstar;false
ACC;adcoin;AdCoin;false
BTCS;bitcoin-scrypt;Bitcoin Scrypt;false
TALK;btctalkcoin;BTCtalkcoin;false
LINX;linx;Linx;false
EL;elcoin-el;Elcoin;false
BWS;bitcoin-w-spectrum;Bitcoin W Spectrum;false
XPY;paycoin2;PayCoin;false
GUN;guncoin;Guncoin;false
FYN;fundyourselfnow;FundYourselfNow;false
BTRN;biotron;Biotron;false
EPY;emphy;Emphy;false
CROAT;croat;CROAT;false
BCF;bitcoinfast;Bitcoin Fast;false
VIDZ;purevidz;PureVidz;false
ASAFE2;allsafe;AllSafe;false
XJO;joulecoin;Joulecoin;false
FLIK;flik;FLiK;false
CSTL;castle;Castle;false
CRM;cream;Cream;false
BBI;belugapay;BelugaPay;false
BDL;bitdeal;Bitdeal;false
INSN;insanecoin-insn;InsaneCoin;false
NMS;numus;Numus;false
UCOM;ucom;UCOM;false
NYAN;nyancoin;Nyancoin;false
NET;netcoin;NetCoin;false
ECASH;ethereumcash;Ethereum Cash;false
CMM;commercium;Commercium;false
IRL;irishcoin;IrishCoin;false
TRI;triangles;Triangles;false
DTEM;dystem;Dystem;false
CHESS;chesscoin;ChessCoin;false
DIX;dix-asset;Dix Asset;false
BTI;bitcoin-instant;Bitcoin Instant;false
ITI;iticoin;iTicoin;false
KUSH;kushcoin;KushCoin;false
GAP;gapcoin;Gapcoin;false
HAL;halcyon;Halcyon;false
RBIES;rubies;Rubies;false
BRIT;britcoin;BritCoin;false
EMD;emerald;Emerald Crypto;false
ZZC;zozocoin;ZoZoCoin;false
ARI;aricoin;Aricoin;false
JEW;shekel;Shekel;false
CCO;ccore;Ccore;false
RBT;rimbit;Rimbit;false
BSM;bitsum;Bitsum;false
ETG;ethereum-gold;Ethereum Gold;false
SLG;sterlingcoin;Sterlingcoin;false
BITEUR;biteur;bitEUR;false
CTX;cartaxi-token;CarTaxi Token;false
MTNC;masternodecoin;Masternodecoin;false
FUNK;the-cypherfunks;The Cypherfunks;false
MARS;marscoin;Marscoin;false
DMB;digital-money-bits;Digital Money Bits;false
DGS;dragonglass;Dragonglass;false
KED;darsek;Darsek;false
PR;prototanium;Prototanium;false
JIN;jin-coin;Jin Coin;false
SMC;smartcoin;SmartCoin;false
PAK;pakcoin;Pakcoin;false
BLAST;blast;BLAST;false
TRCT;tracto;Tracto;false
QVT;qvolta;Qvolta;false
BOLI;bolivarcoin;Bolivarcoin;false
888;octocoin;OctoCoin;false
ICOO;ico-openledger;ICO OpenLedger;false
BTCRED;bitcoin-red;Bitcoin Red;false
ICN;icoin;iCoin;false
BLZ;blazecoin;BlazeCoin;false
TGC;tigercoin;Tigercoin;false
CCT;crystal-clear;Crystal Clear;false
EBET;ethbet;EthBet;false
CNT;centurion;Centurion;false
XLC;leviar;Leviar;false
TIT;titcoin;Titcoin;false
ACC;accelerator-network;Accelerator Network;false
C2;coin2-1;Coin2.1;false
PASL;pascal-lite;Pascal Lite;false
PHS;philosopher-stones;Philosopher Stones;false
LTB;litebar;LiteBar;false
BANK;bank-coin;Bank Coin;false
J;joincoin;Joincoin;false
CARE;carebit;Carebit;false
PAXEX;paxex;PAXEX;false
TEK;tekcoin;TEKcoin;false
BTCN;bitcoinote;BitcoiNote;false
NOX;nitro;Nitro;false
ATOM;atomic-coin;Atomic Coin;false
MOJO;mojocoin;MojoCoin;false
CJT;connectjob;ConnectJob;false
IBTC;ibtc;iBTC;false
FNTB;fintab;Fintab;false
XSTC;safe-trade-coin;Safe Trade Coin;false
CRC;crowdcoin;CrowdCoin;false
WGO;wavesgo;WavesGo;false
SIGT;signatum;Signatum;false
BERN;berncash;BERNcash;false
XRE;revolvercoin;RevolverCoin;false
QTL;quatloo;Quatloo;false
ARCO;aquariuscoin;AquariusCoin;false
TKR;trackr;CryptoInsight;false
RPD;rapids;Rapids;false
HC;harvest-masternode-coin;Harvest Masternode Coin;false
SPACE;spacecoin;SpaceCoin;false
XCXT;coinonatx;CoinonatX;false
CNO;coin;Coin(O);false
611;sixeleven;SixEleven;false
NTO;fujinto;Fujinto;false
FANS;fantasy-cash;Fantasy Cash;false
GB;goldblocks;GoldBlocks;false
MNC;mincoin;Mincoin;false
KURT;kurrent;Kurrent;false
CCN;cannacoin;CannaCoin;false
IMX;impact;Impact;false
ETHD;ethereum-dark;Ethereum Dark;false
STEEP;steepcoin;SteepCoin;false
DUO;parallelcoin;ParallelCoin;false
PASS;wisepass;Wisepass;false
DDF;digital-developers-fund;DigitalDevelopersFund;false
DAXX;daxxcoin;DaxxCoin;false
XCT;c-bit;C-Bit;false
GUESS;guess;Peerguess;false
BBK;bitblocks;Bitblocks;false
SWING;swing;Swing;false
GLT;globaltoken;GlobalToken;false
GMCN;gamblecoin;GambleCoin;false
ZUR;zurcoin;Zurcoin;false
POST;postcoin;PostCoin;false
PKB;parkbyte;ParkByte;false
BIGUP;bigup;BigUp;false
DBTC;debitcoin;Debitcoin;false
XBTC21;bitcoin-21;Bitcoin 21;false
SPK;sparks;Sparks;false
ENT;eternity;Eternity;false
CAT;catcoin;Catcoin;false
SRC;securecoin;SecureCoin;false
300;300-token;300 Token;false
BOST;boostcoin;BoostCoin;false
FLM;folmcoin;FolmCoin;false
EVIL;evil-coin;Evil Coin;false
BSTY;globalboost-y;GlobalBoost-Y;false
AMMO;ammo-reloaded;Ammo Reloaded;false
INFX;influxcoin;Influxcoin;false
RPC;ronpaulcoin;RonPaulCoin;false
UET;useless-ethereum-token;Useless Ethereum Token;false
MSCN;master-swiscoin;Master Swiscoin;false
QBC;quebecoin;Quebecoin;false
GRPH;graphcoin;Graphcoin;false
XCO;x-coin;X-Coin;false
MCRN;macron;MACRON;false
GRLC;garlicoin;Garlicoin;false
MORE;mithril-ore;Mithril Ore;false
8BIT;8bit;8Bit;false
VPRC;vaperscoin;VapersCoin;false
DTC;datacoin;Datacoin;true
RED;redcoin;RedCoin;false
HTH;help-the-homeless-coin;Help The Homeless Coin;false
DRM;dreamcoin;Dreamcoin;false
BOAT;doubloon;BOAT;false
HVCO;high-voltage;High Voltage;false
AREPA;arepacoin;Arepacoin;false
GRN;granitecoin;Granite;false
BRAT;brat;BROTHER;false
ERY;eryllium;Eryllium;false
NUKO;nekonium;Nekonium;false
BUMBA;bumbacoin;BumbaCoin;false
SOCC;socialcoin-socc;SocialCoin;false
TAJ;tajcoin;TajCoin;false
DLC;dollarcoin;Dollarcoin;false
ZMC;zetamicron;ZetaMicron;false
XRH;rhenium;Rhenium;false
PLC;polcoin;Polcoin;false
GCC;guccionecoin;GuccioneCoin;false
ROOFS;roofs;Roofs;false
FUZZ;fuzzballs;FuzzBalls;false
DRS;digital-rupees;Digital Rupees;false
YTN;yenten;YENTEN;false
VTA;virtacoin;Virtacoin;false
$$$;money;Money;false
EXN;exchangen;ExchangeN;false
SOON;sooncoin;SoonCoin;false
EUC;eurocoin;Eurocoin;false
SOIL;soilcoin;SOILcoin;false
IMS;independent-money-system;Independent Money System;false
ALL;allion;Allion;false
GP;goldpieces;GoldPieces;false
HBC;homeblockcoin;HomeBlockCoin;false
MST;mustangcoin;MustangCoin;false
JS;javascript-token;JavaScript Token;false
MAY;theresa-may-coin;Theresa May Coin;false
CF;californium;Californium;false
VEC2;vector;VectorAI;false
JOBS;jobscoin;JobsCoin;false
CMT;comet;Comet;false
NYEX;nyerium;Nyerium;false
LEA;leacoin;LeaCoin;false
DALC;dalecoin;Dalecoin;false
CNNC;cannation;Cannation;false
LTCR;litecred;Litecred;false
STARS;starcash-network;StarCash Network;false
PEX;posex;PosEx;false
STV;sativacoin;Sativacoin;false
PIE;piecoin;PIECoin;false
POS;postoken;PoSToken;false
ZYD;zayedcoin;Zayedcoin;false
KNC;kingn-coin;KingN Coin;false
VISIO;visio;Visio;false
NRO;neuro;Neuro;false
GPL;gold-pressed-latinum;Gold Pressed Latinum;false
BNX;bnrtxcoin;BnrtxCoin;false
PNX;phantomx;Phantomx;false
SCS;speedcash;SpeedCash;false
BENJI;benjirolls;BenjiRolls;false
PLNC;plncoin;PLNcoin;false
ECO;ecocoin;EcoCoin;false
BTQ;bitquark;BitQuark;false
MILO;milocoin;MiloCoin;false
ICOB;icobid;ICOBID;false
B@;bankcoin;Bankcoin;false
ICON;iconic;Iconic;false
CRDNC;credence-coin;Credence Coin;false
CAB;cabbage;Cabbage;false
CPN;compucoin;CompuCoin;false
GRIM;grimcoin;Grimcoin;false
ACOIN;acoin;Acoin;false
HONEY;honey;Honey;false
SFC;solarflarecoin;Solarflarecoin;false
MAR;marijuanacoin;Marijuanacoin;false
PXI;prime-xi;Prime-XI;false
BTPL;bitcoin-planet;Bitcoin Planet;false
TRDT;trident;Trident Group;false
NTWK;network-token;Network Token;false
JIYO;jiyo-old;Jiyo [OLD];false
KRONE;kronecoin;Kronecoin;false
SONG;songcoin;SongCoin;false
RAGNA;ragnarok;Ragnarok;false
FLAX;flaxscript;Flaxscript;false
ELS;elysium;Elysium;false
BIP;bipcoin;BipCoin;false
COAL;bitcoal;BitCoal;false
WORM;healthywormcoin;HealthyWormCoin;false
QBIC;qbic;Qbic;false
BITF;bitf;BitF;false
LTCU;litecoin-ultra;LiteCoin Ultra;false
LUNA;luna-coin;Luna Coin;false
ARB;arbit;ARbit;false
GLS;glasscoin;GlassCoin;false
PLACO;playercoin;PlayerCoin;false
LBTC;litebitcoin;LiteBitcoin;true
VLT;veltor;Veltor;false
CACH;cachecoin;CacheCoin;false
VOLT;bitvolt;Bitvolt;false
BSX;bitspace;Bitspace;false
CXT;coinonat;Coinonat;false
STR;staker;Staker;false
WBB;wild-beast-block;Wild Beast Block;false
GEERT;geertcoin;GeertCoin;false
URALS;uralscoin;UralsCoin;false
ADN;adrenaline;Adrenaline;false
IBANK;ibank;iBank;false
PCOIN;pioneer-coin;Pioneer Coin;false
RKC;royal-kingdom-coin;Royal Kingdom Coin;false
CREVA;crevacoin;CrevaCoin;false
ATX;artex-coin;Artex Coin;false
ITZ;interzone;Interzone;false
CTIC2;coimatic-2;Coimatic 2.0;false
CONX;concoin;Concoin;false
ARGUS;argus;Argus;false
SLEVIN;slevin;Slevin;false
BAS;bitasean;BitAsean;false
ACP;anarchistsprime;AnarchistsPrime;false
DOLLAR;dollar-online;Dollar Online;false
EAGLE;eaglecoin;EagleCoin;false
PONZI;ponzicoin;PonziCoin;false
COUPE;coupecoin;Coupecoin;false
MGM;magnum;Magnum;false
GSR;geysercoin;GeyserCoin;false
SANDG;save-and-gain;Save and Gain;false
CTIC3;coimatic-3;Coimatic 3.0;false
VLTC;vault-coin;Vault Coin;false
WOMEN;women;WomenCoin;false
HMC;harmonycoin-hmc;HarmonyCoin;false
AI;poly-ai;POLY AI;false
CKUSD;ckusd;CK USD;false
XIN;infinity-economics;Infinity Economics;false
META;metadium;Metadium;false
HYC;hycon;HYCON;false
GUSD;gemini-dollar;Gemini Dollar;false
SDA;six-domain-chain;Six Domain Chain;false
BU;bumo;BUMO;false
INB;insight-chain;Insight Chain;false
PAI;project-pai;Project Pai;false
LRN;loopring-neo;Loopring [NEO];false
MEET;coinmeet;CoinMeet;false
ETZ;ether-zero;Ether Zero;true
PLY;playcoin;PlayCoin [QRC20];false
ABBC;alibabacoin;Alibabacoin;false
SBTC;super-bitcoin;Super Bitcoin;true
EDU;edu-coin;EduCoin;false
KNOW;know;KNOW;false
NPXSXEM;pundi-x-nem;Pundi X NEM;true
PNT;penta;Penta;false
DFT;digifinextoken;DigiFinexToken;false
FTO;futurocoin;FuturoCoin;true
BLACK;eosblack;eosBLACK;false
PLC;platincoin;PLATINCOIN;false
OF;ofcoin;OFCOIN;false
XMC;monero-classic;Monero Classic;false
USE;usechain-token;Usechain Token;false
SHOW;show;Show;false
FIL;filecoin;Filecoin [Futures];false
TMTG;the-midas-touch-gold;The Midas Touch Gold;false
UST;ultra-salescoud;Ultra Salescloud;false
SHE;shinechain;ShineChain;false
EXT;experience-token;Experience Token;false
OPEN;open-platform;Open Platform;false
ONG;ong;ONG;false
LIGHT;lightchain;LightChain;false
MOF;molecular-future;Molecular Future;false
MCC;moving-cloud-coin;Moving Cloud Coin;false
ZB;zb;ZB;false
LBTC;lightning-bitcoin;Lightning Bitcoin;false
GSE;gsenetwork;GSENetwork;false
INO;ino-coin;INO COIN;true
DPN;dipnet;DIPNET;false
ZP;zen-protocol;Zen Protocol;false
DACC;dacc;DACC;true
WETH;weth;WETH;false
BNK;bankera;Bankera;false
UIP;unlimitedip;UnlimitedIP;false
SOP;sopay;SoPay;false
SCC;siacashcoin;SiaCashCoin;false
RRC;rrcoin;RRCoin;false
QNTU;quanta-utility-token;Quanta Utility Token;false
AVH;animation-vision-cash;Animation Vision Cash;false
INCX;internationalcryptox;InternationalCryptoX;false
YCC;yuan-chain-coin;Yuan Chain Coin;false
SAC;smart-application-chain;Smart Application Chain;false
HIT;hitchain;HitChain;false
STC;starchain;StarChain;false
EDS;endorsit;Endorsit;false
TRIO;tripio;Tripio;false
HDAC;hdac;Hdac;false
ABDT;atlantis-blue-digital-token;Atlantis Blue Digital Token;false
UBTC;united-bitcoin;United Bitcoin;false
MT;mytoken;MyToken;false
FOIN;foin;FOIN;false
DAC;davinci-coin;Davinci Coin;false
TOPC;topchain;TopChain;false
INC;influence-chain;Influence Chain;false
CLUB;clubcoin;ClubCoin;false
MXM;maximine-coin;Maximine Coin;false
KBC;karatgold-coin;Karatgold Coin;false
CAR;carblock;CarBlock;false
BCX;bitcoinx;BitcoinX;true
GET;themis;Themis;false
SPND;spendcoin;Spendcoin;false
WIKI;wiki-token;Wiki Token;false
NAM;nam-coin;NAM COIN;false
IDT;investdigital;InvestDigital;false
TOS;thingsoperatingsystem;ThingsOperatingSystem;false
TCN;tcoin;TCOIN;false
VCT;valuecybertoken;ValueCyberToken;false
PSM;prasm;PRASM;false
VSC;vsportcoin;vSportCoin;false
BAAS;baasid;BaaSid;false
BKBT;beekan;BeeKan;false
XUC;exchange-union;Exchange Union;false
TV;ti-value;Ti-Value;false
ADK;aidos-kuneen;Aidos Kuneen;true
CIT;carinet;CariNet;false
BQT;blockchain-quotations-index-token;Blockchain Quotations Index Token;false
MIR;mir-coin;MIR COIN;false
IOV;carlive-chain;Carlive Chain;false
UCT;ubique-chain-of-things;Ubique Chain Of Things;false
ROX;robotina;Robotina;false
OC;oceanchain;OceanChain;false
CRE;cybereits;Cybereits;false
SCC;stockchain;StockChain;false
CDC;commerce-data-connection;Commerce Data Connection;false
RPL;rocket-pool;Rocket Pool;false
LEMO;lemochain;LemoChain;false
BCV;bitcapitalvendor;BitCapitalVendor;false
MCT;master-contract-token;Master Contract Token;false
ESS;essentia;Essentia;false
WT;wetoken;WeToken;false
CEL;celsius;Celsius;false
FAIR;fairgame;FairGame;false
FUNDZ;fundtoken;FundToken;false
KWH;kwhcoin;KWHCoin;false
DASC;dascoin;DasCoin;false
KEY;key;KEY;false
SDS;alchemint-standards;Alchemint Standards;false
COU;couchain;Couchain;false
QNO;qyno;QYNO;false
CJS;cjs;CJs;false
SLT;social-lending-token;Social Lending Token;false
BOE;bodhi-eth;Bodhi [ETH];false
HOLD;hold;HOLD;false
UC;youlive-coin;YouLive Coin;false
WIN;wintoken;WinToken;false
SGCC;super-game-chain;Super Game Chain;false
TKT;twinkle;Twinkle;false
MEX;mex;MEX;false
C2P;coin2play;Coin2Play;false
BCDN;blockcdn;BlockCDN;false
ICNQ;iconiq-lab-token;Iconiq Lab Token;false
CONI;coni;Coni;false
READ;read;Read;false
GTM;gentarium;Gentarium;false
COBRA;cobrabytes;Cobrabytes;false
EST;esports-token;Esports Token;false
CHEX;chex;CHEX;false
ELI;eligma-token;Eligma Token;false
QAC;quasarcoin;Quasarcoin;false
INSUR;insurchain;InsurChain;false
CCC;concierge-coin;Concierge Coin;false
IIC;intelligent-investment-chain;Intelligent Investment Chain;false
PXC;pixie-coin;Pixie Coin;false
XID;sphre-air;Sphre AIR;false
PC;promotion-coin;Promotion Coin;false
LABH;labh-coin;Labh Coin;false
AT;aware;AWARE;false
CAN;content-and-ad-network;Content and AD Network;false
LXT;litex;Litex;false
EGCC;engine;Engine;false
GVE;globalvillage-ecosystem;Globalvillage Ecosystem;false
ANON;anon;ANON;false
WXC;wxcoins;WXCOINS;false
EJOY;ejoy;EJOY;false
KCASH;kcash;Kcash;false
EPLUS;eplus-coin;EPLUS Coin;false
B2X;segwit2x;SegWit2x;true
GENE;gene-source-code-chain;Gene Source Code Chain;false
DATP;decentralized-asset-trading-platform;Decentralized Asset Trading Platform;false
RSTR;ondori;Ondori;false
CARAT;carat;CARAT;false
SEER;seer;SEER;false
IHF;invictus-hyperion-fund;Invictus Hyperion Fund;false
HSC;hashcoin;HashCoin;false
OTB;otcbtc-token;OTCBTC Token;false
WBL;wizbl;WIZBL;false
NEWOS;newstoken;NewsToken;false
BUT;bitup-token;BitUP Token;false
WC;win-coin;WINCOIN;false
MLC;mallcoin;Mallcoin;false
XMO;monero-original;Monero Original;false
BTBc;bitbase;Bitbase;false
MSD;msd;MSD;false
SOOM;soom;SOOM;false
SNO;savenode;SaveNode;false
DRG;dragon-coins;Dragon Coins;false
BIFI;bitcoin-file;Bitcoin File;false
MOLK;mobilinktoken;MobilinkToken;false
DIVI;divi;Divi;false
BOC;bingocoin;BingoCoin;false
ESCO;escrowcoin;EscrowCoin;false
MAG;maggie;Maggie;false
INCO;incodium;Incodium;false
W3C;w3coin;W3Coin;false
IPC;ipchain;IPChain;false
EMPR;empowr-coin;empowr coin;false
QUBE;qube;Qube;false
XTRD;xtrd;XTRD;false
AGLT;agrolot;Agrolot;false
SURE;surety;SURETY;false
ETHO;ether-1;Ether-1;false
GZE;gazecoin;GazeCoin;false
CMCT;cyber-movie-chain;Cyber Movie Chain;false
UBC;ubcoin-market;Ubcoin Market;false
GOD;bitcoin-god;Bitcoin God;false
CMS;comsa-eth;COMSA [ETH];false
SUP;superior-coin;Superior Coin;false
ACDC;volt;Volt;false
CTRT;cryptrust;Cryptrust;false
RCD;record;RECORD;false
KST;starcointv;StarCoin;false
CSM;consentium;Consentium;false
ETT;encryptotel-eth;EncryptoTel [ETH];false
XPAT;bitnation;Bitnation;false
ERC20;erc20;ERC20;false
SZC;shopzcoin;ShopZcoin;true
DART;darextravel;DarexTravel;false
KARMA;karma-eos;KARMA;false
GOT;parkingo;ParkinGo;false
CMS;comsa-xem;COMSA [XEM];false
VTHO;vethor-token;VeThor Token;false
BLOC;bloc-money;BLOC.MONEY;false
TWIST;twist;TWIST;false
RBMC;rubex-money;Rubex Money;false
CHE;crypto-harbor-exchange;Crypto Harbor Exchange;true
BITCF;first-bitcoin-capital;First Bitcoin Capital;false
F1C;future1coin;Future1coin;false
TESLA;teslacoilcoin;TeslaCoilCoin;false
IFC;infinitecoin;Infinitecoin;false
PRS;pressone;PressOne;false
RBLX;rublix;Rublix;false
PRES;president-trump;President Trump;false
IRD;iridium;Iridium;false
MMO;mmocoin;MMOCoin;false
HSN;helper-search-token;Helper Search Token;false
IDOL;idol-coin;IDOL COIN;false
XGS;genesisx;GenesisX;false
OXY;oxycoin;Oxycoin;false
RDC;ordocoin;Ordocoin;false
PGT;puregold-token;Puregold Token;false
PCS;pabyosi-coin-special;Pabyosi Coin (Special);false
VDG;veridocglobal;VeriDocGlobal;true
LSTR;luna-stars;Luna Stars;false
PTS;pitiscoin;PitisCoin;false
AMO;amo-coin;AMO Coin;false
ABLX;able;ABLE;false
ICR;intercrone;InterCrone;false
WIRE;airwire;AirWire;false
CMIT;cmitcoin;CMITCOIN;true
BCARD;cardbuyers;CARDbuyers;false
COMP;compound-coin;Compound Coin;false
TER;terranova;TerraNova;false
CANDY;candy;Candy;false
TSC;thunderstake;Thunderstake;false
XOT;internet-of-things;Internet of Things;false
YOU;you-coin;YOU COIN;false
GCS;gamechain;GameChain System;false
ORS;ors-group;ORS Group;false
NUG;nuggets;Nuggets;false
AEG;aegeus;Aegeus;false
GIO;graviocoin;Graviocoin;false
LUC;level-up;Level Up Coin;false
GARY;president-johnson;President Johnson;false
HRC;haracoin;Haracoin;false
HYB;hybrid-block;Hybrid Block;false
SWTC;jingtum-tech;Jingtum Tech;false
ALTX;alttex;Alttex;false
ZENGOLD;zengold;ZenGold;false
SNIP;snipcoin;SnipCoin;false
ATH;atheios;Atheios;false
CEFS;cryptopiafeeshares;CryptopiaFeeShares;false
GBG;golos-gold;Golos Gold;false
MEETONE;meetone;MEET.ONE;false
COR;corion;CORION;false
PNDM;pandemia;Pandemia;false
ECT;superedge;SuperEdge;false
PCO;pecunio;Pecunio;false
X12;x12-coin;X12 Coin;false
CNET;contractnet;ContractNet;true
DEEX;deex;DEEX;false
SAL;salpay;SalPay;false
BC;block-chain-com;Block-Chain.com;false
ACC;acchain;ACChain;false
CEDEX;cedex-coin;CEDEX Coin;true
VSTR;vestoria;Vestoria;false
XG;giga;GIGA;false
COTN;cottoncoin;CottonCoin;false
PLUS1;plusonecoin;PlusOneCoin;false
PDX;payday-coin;PayDay Coin;false
EMB;embercoin;EmberCoin;false
BUBO;budbo;Budbo;false
INDI;indicoin;Indicoin;false
CIV;civitas;Civitas;false
ANI;animecoin;Animecoin;false
DMC;dynamiccoin;DynamicCoin;false
OLMP;olympic;Olympic;false
YUKI;yuki;YUKI;false
ABC;alphabitcoinfund;Alphabit;false
MARX;marxcoin;MarxCoin;false
MINEX;minex;Minex;false
ELLI;elliot-coin;Elliot Coin;false
KXC;kingxchain;KingXChain;false
DWS;dws;DWS;false
ERA;blakestar;ERA;false
FRGC;fargocoin;Fargocoin;false
LEVO;levocoin;Levocoin;false
BLAZR;blazercoin;BlazerCoin;false
HERO;hero;Hero;false
GRX;gold-reward-token;GOLD Reward Token;false
BFF;bffdoom;BFFDoom;false
QBT;cubits;Cubits;false
SONO;altcommunity-coin;SONO;false
MRQ;mirq;MIRQ;false
PROUD;proud-money;PROUD Money;false
CFC;coffeecoin;CoffeeCoin;false
TDC;trendercoin;Trendercoin;false
XRT;xrt-token;XRT Token;false
PWR;powercoin;PWR Coin;false
BTCM;btcmoon;BTCMoon;false
CLD;cloud;Cloud;false
SJCX;storjcoin-x;Storjcoin X;false
DAXT;digital-asset-exchange-token;Digital Asset Exchange Token;false
UNRC;universalroyalcoin;UniversalRoyalCoin;false
BSN;bastonet;Bastonet;false
CIF;crypto-improvement-fund;Crypto Improvement Fund;false
TLE;tattoocoin-limited;Tattoocoin (Limited Edition);false
SHPING;shping;SHPING;false
PSC;primestone;PrimeStone;false
DEAL;idealcash;iDealCash;false
OBTC;obitan-chain;Obitan Chain;false
WYS;wys-token;wys Token;false
SKR;sakuracoin;Sakuracoin;false
SC2;securecloudcoin;SecureCloudCoin;false
JIYOX;jiyo;JIYO;false
DNZ;adenz;Adenz;false
STEX;stex;STEX;false
RICHX;richcoin;RichCoin;false
BTE;bitserial;BitSerial;false
RTL;rentledger;Rentledger;false
WA;wa-space;WA Space;false
TELL;tellurion;Tellurion;false
SJW;sjwcoin;SJWCoin;false
FRN;francs;Francs;false
CYDER;cyder;Cyder;false
NEOG;neo-gold;NEO GOLD;false
BIT;first-bitcoin;First Bitcoin;false
IQT;iquant;iQuant;false
EAG;ea-coin;EA Coin;false
BUB;bubble;Bubble;false
RUNNERS;runners;Runners;false
BIRDS;birds;Birds;false
ELITE;ethereum-lite;Ethereum Lite;false
SFU;saifu;Saifu;false
WIC;wi-coin;Wi Coin;false
BSR;bitsoar;BitSoar;false
EXC;excaliburcoin;Excaliburcoin;false
XQN;quotient;Quotient;false
CROP;cropcoin;Cropcoin;false
FAP;fapcoin;FAPcoin;false
HIGH;high-gain;High Gain;false
AXIOM;axiom;Axiom;false
AKY;akuya-coin;Akuya Coin;false
HNC;huncoin;Huncoin;false
IFP;infinipay;Infinipay;false
ARLIZE;arlize;ARLIZE;false
ACES;aces;Aces;false
PLX;plexcoin;PlexCoin;false
RBBT;rabbitcoin;RabbitCoin;false
GMX;goldmaxcoin;GoldMaxCoin;false
HYPER;hyper;Hyper;false
SAK;sharkcoin;Sharkcoin;false
AV;avatarcoin;AvatarCoin;false
OMC;omicron;Omicron;false
RCN;rcoin;Rcoin;false
BITOK;bitok;Bitok;false
WINK;wink;Wink;false
PRN;protean;Protean;false
MERO;mero;Mero;false
FRRN;ferron;Ferron;false
ATC;arbitracoin;Arbitracoin;false
AEC;emaratcoin;EmaratCoin;false
DFS;defense;Defense;false
BET;betacoin;BetaCoin;false
KDC;klondikecoin;KlondikeCoin;false
CRYPT;cryptcoin;CryptCoin;false
DON;donationcoin;Donationcoin;false
SHA;shacoin;SHACoin;false
ZSE;zsecoin;ZSEcoin;false
HALLO;halloween-coin;Halloween Coin;false
CHEAP;cheapcoin;Cheapcoin;false
ANTX;antimatter;Antimatter;false
TURBO;turbocoin;TurboCoin;false
XRY;royalties;Royalties;false
NAMO;namocoin;NamoCoin;false
SIGMA;sigmacoin;SIGMAcoin;false
MAGN;magnetcoin;Magnetcoin;false
HDLB;hodl-bucks;HODL Bucks;false
DUTCH;dutch-coin;Dutch Coin;false
HPY;hyper-pay;Hyper Pay;false
EPC;electronic-pk-chain;Electronic PK Chain;false
VLC;valuechain;ValueChain;false
ECH;etherecash;Etherecash;false
LST;lendroid-support-token;Lendroid Support Token;false
GES;galaxy-esolutions;Galaxy eSolutions;false
FT;fcoin-token;FCoin Token;false
QURO;qurito;Qurito;false
CET;coinex-token;CoinEx Token;false
HIGHT;highcoin;HighCoin;false
PASS;blockpass;Blockpass;false
CEN;centaure;Centaure;false
AT;abcc-token;ABCC Token;false
C8;carboneum-c8-token;Carboneum [C8] Token;false
ALC;allcoin;ALLCOIN;false
PLY;playcoin-erc20;PlayCoin [ERC20];false
BT2;bt2-cst;BT2 [CST];false
ENT;entcash;ENTCash;false
EDT;etherdelta-token;EtherDelta Token;false